dataset_id,file_id,label,path,source_url,doi,license,license_url,selection_start_seconds,selection_end_seconds,source_sample_rate,source_channels,duration_seconds,active_seconds,active_ratio,rms_dbfs,active_rms_dbfs,peak_dbfs,crest_factor_db,activity_threshold_dbfs,macro_event_count,macro_event_rate_hz,median_macro_event_spacing_seconds,internal_modulation_onset_count,internal_modulation_rate_hz,median_internal_modulation_spacing_seconds,pulse_rate_hz,pulse_strength,periodicity_hz,periodicity_strength,periodicity_cv,spectral_peak_hz,spectral_centroid_hz,rolloff_85_hz,spectral_flatness,spectral_sharpness_q,decay_t20_seconds,decay_rt60_seconds,decay_derived_q,energy_20_80,energy_80_150,energy_150_500,energy_500_1500,energy_1500_3000,energy_3000_8000
boiling_acoustic_regimes,c6ed7bfe-7f39-4612-96e7-b3962f8b36b2,background,research/data/digestazoid/boiling/background/background_2w_0001.wav,https://data.mendeley.com/public-files/datasets/vnnzc7n97m/files/c6ed7bfe-7f39-4612-96e7-b3962f8b36b2/file_downloaded,10.17632/vnnzc7n97m.1,CC BY 4.0,https://creativecommons.org/licenses/by/4.0/,0,1,10000,1,1,1,1,-9.89949,-9.89949,0,9.89949,-14.4592,1,,,4,4.41176,0.2,1.04167,0.96472,190.503,0.273554,0.453502,119.812,281.632,484.375,0.0552747,1.53359,,,,0.280982,0.189947,0.381244,0.131295,0.0104379,
boiling_acoustic_regimes,4349cab9-1484-4a85-ad68-1b86a59af91b,background,research/data/digestazoid/boiling/background/background_2w_0175.wav,https://data.mendeley.com/public-files/datasets/vnnzc7n97m/files/4349cab9-1484-4a85-ad68-1b86a59af91b/file_downloaded,10.17632/vnnzc7n97m.1,CC BY 4.0,https://creativecommons.org/licenses/by/4.0/,0,1,10000,1,1,1,1,-9.62401,-9.62401,0,9.62401,-14.3324,1,,,5,4.49438,0.18,1.11111,0.566385,210.526,0.294837,0.419744,59.875,241.862,359.375,0.0370072,1.27733,,,,0.318417,0.141005,0.420398,0.110306,0.00578128,
boiling_acoustic_regimes,40bd48c1-e8d9-4473-ba24-b1640129b46b,background,research/data/digestazoid/boiling/background/background_2w_0351.wav,https://data.mendeley.com/public-files/datasets/vnnzc7n97m/files/40bd48c1-e8d9-4473-ba24-b1640129b46b/file_downloaded,10.17632/vnnzc7n97m.1,CC BY 4.0,https://creativecommons.org/licenses/by/4.0/,0,1,10000,1,1,1,1,-11.6146,-11.6146,0,11.6146,-16.0261,1,,,5,6.34921,0.145,1.21951,0.642791,151.159,0.249078,0.39016,114.688,276.499,453.125,0.054941,1.468,,,,0.24345,0.225391,0.393933,0.120882,0.0103384,
boiling_acoustic_regimes,a66509b1-0263-416a-a9c3-8ace2a1102ac,background,research/data/digestazoid/boiling/background/background_5w_0001.wav,https://data.mendeley.com/public-files/datasets/vnnzc7n97m/files/a66509b1-0263-416a-a9c3-8ace2a1102ac/file_downloaded,10.17632/vnnzc7n97m.1,CC BY 4.0,https://creativecommons.org/licenses/by/4.0/,0,1,10000,1,1,0.13,0.13,-9.93359,-7.47802,0,9.93359,-7.54026,10,9.89011,0.07,10,9.89011,0.07,1.04167,0.719393,262.295,0.553862,0.053062,106.239,195.991,343.75,0.0261689,0.971327,,,,0.481661,0.14011,0.282816,0.0863568,0.00609269,
boiling_acoustic_regimes,ae2fcf25-d102-4162-a34e-aa32f279ba7a,background,research/data/digestazoid/boiling/background/background_5w_0325.wav,https://data.mendeley.com/public-files/datasets/vnnzc7n97m/files/ae2fcf25-d102-4162-a34e-aa32f279ba7a/file_downloaded,10.17632/vnnzc7n97m.1,CC BY 4.0,https://creativecommons.org/licenses/by/4.0/,0,1,10000,1,1,0.23,0.23,-10.2265,-7.47801,0,10.2265,-7.31425,6,5.31915,0.17,10,9.57447,0.09,1.07527,0.954503,246.154,0.574621,0.0780058,97.2607,208.565,343.75,0.050207,0.691632,,,,0.564904,0.108419,0.211024,0.0985705,0.0110508,
boiling_acoustic_regimes,f4ef0b46-9135-4002-a90b-2f32b5d36e84,background,research/data/digestazoid/boiling/background/background_5w_0649.wav,https://data.mendeley.com/public-files/datasets/vnnzc7n97m/files/f4ef0b46-9135-4002-a90b-2f32b5d36e84/file_downloaded,10.17632/vnnzc7n97m.1,CC BY 4.0,https://creativecommons.org/licenses/by/4.0/,0,1,10000,1,1,1,1,-11.4001,-11.4001,0,11.4001,-15.614,1,,,4,3.22581,0.38,1.05263,0.836596,214.775,0.287011,0.289891,195.992,317.134,609.375,0.0592892,2.5087,,,,0.234453,0.127905,0.430543,0.190501,0.0100278,
boiling_acoustic_regimes,022c053a-09f9-4c91-b3d1-4af1cc83f5a5,nucleate,research/data/digestazoid/boiling/nucleate/nucleate_106w_0001.wav,https://data.mendeley.com/public-files/datasets/vnnzc7n97m/files/022c053a-09f9-4c91-b3d1-4af1cc83f5a5/file_downloaded,10.17632/vnnzc7n97m.1,CC BY 4.0,https://creativecommons.org/licenses/by/4.0/,0,1,10000,1,1,0.11,0.11,-11.04,-8.12507,0,11.04,-8.54751,10,9.18367,0.11,11,10.2041,0.095,1.11111,0.727563,285.714,0.607036,0.409244,194.534,201.972,312.5,0.000219081,4.15007,,,,0.289435,0.0400825,0.622232,0.0481826,0.000065716,
boiling_acoustic_regimes,44719da2-fb66-420e-8e70-c6e0ecf32633,nucleate,research/data/digestazoid/boiling/nucleate/nucleate_106w_0250.wav,https://data.mendeley.com/public-files/datasets/vnnzc7n97m/files/44719da2-fb66-420e-8e70-c6e0ecf32633/file_downloaded,10.17632/vnnzc7n97m.1,CC BY 4.0,https://creativecommons.org/licenses/by/4.0/,0,1,10000,1,1,1,1,-10.8511,-10.8511,0,10.8511,-15.0873,1,,,5,6.89655,0.14,1.19048,0.829895,285.714,0.419342,0.286526,312.372,253.952,359.375,0.000408541,1.66598,,,,0.158284,0.0469388,0.718394,0.0763109,0.00006477,
boiling_acoustic_regimes,4c414473-b116-46c6-a960-4a992975f554,nucleate,research/data/digestazoid/boiling/nucleate/nucleate_106w_0500.wav,https://data.mendeley.com/public-files/datasets/vnnzc7n97m/files/4c414473-b116-46c6-a960-4a992975f554/file_downloaded,10.17632/vnnzc7n97m.1,CC BY 4.0,https://creativecommons.org/licenses/by/4.0/,0,1,10000,1,1,0.12,0.12,-10.3923,-7.29319,0,10.3923,-7.8452,9,8.42105,0.125,11,10.5263,0.095,1.04167,0.879553,275.862,0.528858,0.202222,265.052,211.026,328.125,0.000311394,4.24084,,,,0.284099,0.0254183,0.644534,0.0458703,0.000071735,
boiling_acoustic_regimes,683a7a4d-eb3c-46af-858e-ebbfe3b7619f,nucleate,research/data/digestazoid/boiling/nucleate/nucleate_106w_0750.wav,https://data.mendeley.com/public-files/datasets/vnnzc7n97m/files/683a7a4d-eb3c-46af-858e-ebbfe3b7619f/file_downloaded,10.17632/vnnzc7n97m.1,CC BY 4.0,https://creativecommons.org/licenses/by/4.0/,0,1,10000,1,1,1,1,-10.2593,-10.2593,0,10.2593,-15.2066,1,,,5,4.54545,0.21,1.23457,0.353675,264.481,0.402413,0.273639,208.084,235.136,343.75,0.000241112,1.10978,,,,0.170121,0.0560281,0.726469,0.0473518,0.000025922,
boiling_acoustic_regimes,4a31e170-49a5-4ed5-991f-22d1c32a7e5b,nucleate,research/data/digestazoid/boiling/nucleate/nucleate_106w_0999.wav,https://data.mendeley.com/public-files/datasets/vnnzc7n97m/files/4a31e170-49a5-4ed5-991f-22d1c32a7e5b/file_downloaded,10.17632/vnnzc7n97m.1,CC BY 4.0,https://creativecommons.org/licenses/by/4.0/,0,1,10000,1,1,1,1,-12.8236,-12.8236,-0.0142759,12.8094,-17.6769,1,,,6,6.09756,0.11,1.0989,0.629932,275.862,0.425106,0.122687,264.981,256.579,359.375,0.0002765,1.88431,,,,0.157985,0.0435491,0.712375,0.0860492,0.000037876,
boiling_acoustic_regimes,e4c794bd-24ba-4a95-9e2f-3bad9d160078,nucleate,research/data/digestazoid/boiling/nucleate/nucleate_115w_0100.wav,https://data.mendeley.com/public-files/datasets/vnnzc7n97m/files/e4c794bd-24ba-4a95-9e2f-3bad9d160078/file_downloaded,10.17632/vnnzc7n97m.1,CC BY 4.0,https://creativecommons.org/licenses/by/4.0/,0,1,10000,1,1,0.11,0.11,-15.5644,-12.7839,-0.114668,15.4498,-13.1943,7,6.66667,0.125,9,9.09091,0.125,1.03093,0.838596,250.244,0.568883,0.03125,199.711,175.837,281.25,0.000086874,4.26049,,,,0.39459,0.0327782,0.533476,0.0391411,0.00001317,
boiling_acoustic_regimes,2a9c3d02-5809-4caa-a0ff-8d2f0a9d1ab6,pre_chf,research/data/digestazoid/boiling/pre_chf/pre_chf_145w_0001.wav,https://data.mendeley.com/public-files/datasets/vnnzc7n97m/files/2a9c3d02-5809-4caa-a0ff-8d2f0a9d1ab6/file_downloaded,10.17632/vnnzc7n97m.1,CC BY 4.0,https://creativecommons.org/licenses/by/4.0/,0,1,10000,1,1,0.11,0.11,-12.3977,-9.86425,-0.0162675,12.3814,-9.66476,6,5.49451,0.19,9,8.98876,0.11,1.06383,0.650679,246.154,0.625618,0.0224478,254.594,142.26,265.625,0.000314449,5.43135,,,,0.503155,0.0574827,0.41785,0.0214334,0.000066474,
boiling_acoustic_regimes,5c3f91c3-8119-43cd-8a1e-d46ff58b3d85,pre_chf,research/data/digestazoid/boiling/pre_chf/pre_chf_145w_0100.wav,https://data.mendeley.com/public-files/datasets/vnnzc7n97m/files/5c3f91c3-8119-43cd-8a1e-d46ff58b3d85/file_downloaded,10.17632/vnnzc7n97m.1,CC BY 4.0,https://creativecommons.org/licenses/by/4.0/,0,1,10000,1,1,0.1,0.1,-10.6345,-6.74325,0,10.6345,-7.31432,5,4.54545,0.235,8,7.86517,0.14,2.63158,0.563988,252.36,0.753123,0.0393701,236.205,98.5939,234.375,0.000154227,7.55855,,,,0.702302,0.0209526,0.268577,0.00811752,0.000046717,
boiling_acoustic_regimes,cc123204-c1c3-45e9-ac6c-2003d20e3a18,pre_chf,research/data/digestazoid/boiling/pre_chf/pre_chf_145w_0200.wav,https://data.mendeley.com/public-files/datasets/vnnzc7n97m/files/cc123204-c1c3-45e9-ac6c-2003d20e3a18/file_downloaded,10.17632/vnnzc7n97m.1,CC BY 4.0,https://creativecommons.org/licenses/by/4.0/,0,1,10000,1,1,0.13,0.13,-10.8961,-5.97218,0,10.8961,-7.47758,5,5.06329,0.155,10,10.7143,0.05,1.53846,0.824292,271.225,0.808303,0.092437,207.857,71.3452,187.5,0.00005209,3.32571,,,,0.798891,0.00701266,0.188705,0.00537857,0.00001057,
boiling_acoustic_regimes,ef1f3c0b-0f58-421b-96bb-c91af8a2c95e,pre_chf,research/data/digestazoid/boiling/pre_chf/pre_chf_145w_0300.wav,https://data.mendeley.com/public-files/datasets/vnnzc7n97m/files/ef1f3c0b-0f58-421b-96bb-c91af8a2c95e/file_downloaded,10.17632/vnnzc7n97m.1,CC BY 4.0,https://creativecommons.org/licenses/by/4.0/,0,1,10000,1,1,0.16,0.16,-11.2849,-7.16678,0,11.2849,-8.2652,8,7.07071,0.11,11,10.101,0.075,1.0989,0.896357,234.295,0.655121,0.118767,203.168,118.897,250,0.000188541,6.50138,,,,0.62638,0.0247667,0.33209,0.0167281,0.000030438,
boiling_acoustic_regimes,a19234b4-1c74-44bf-901f-d3d2a61c1f38,pre_chf,research/data/digestazoid/boiling/pre_chf/pre_chf_145w_0399.wav,https://data.mendeley.com/public-files/datasets/vnnzc7n97m/files/a19234b4-1c74-44bf-901f-d3d2a61c1f38/file_downloaded,10.17632/vnnzc7n97m.1,CC BY 4.0,https://creativecommons.org/licenses/by/4.0/,0,1,10000,1,1,0.15,0.15,-9.47335,-5.60979,0,9.47335,-5.70515,7,6.81818,0.115,10,9.78261,0.09,1.13636,0.508574,231.884,0.5991,0.044227,202.195,159.139,296.875,0.000582941,6.47025,,,,0.453545,0.0648473,0.445917,0.0355296,0.000149134,
boiling_acoustic_regimes,3ffcc0d1-f8ca-48de-8afc-bafafa5fcc06,transition,research/data/digestazoid/boiling/transition/transition_0001.wav,https://data.mendeley.com/public-files/datasets/vnnzc7n97m/files/3ffcc0d1-f8ca-48de-8afc-bafafa5fcc06/file_downloaded,10.17632/vnnzc7n97m.1,CC BY 4.0,https://creativecommons.org/licenses/by/4.0/,0,1,10000,1,1,0.09,0.09,-19.8295,-15.9626,-0.126949,19.7026,-18.8066,11,11.1111,0.065,11,11.236,0.07,1.1236,0.776928,160.234,0.300472,0.296804,414.776,605.242,890.625,0.00988914,6.63642,,,,0.0104543,0.0416541,0.378586,0.567086,0.00182176,
boiling_acoustic_regimes,ff45179f-f51e-4ba9-b767-929cae5ca117,transition,research/data/digestazoid/boiling/transition/transition_0115.wav,https://data.mendeley.com/public-files/datasets/vnnzc7n97m/files/ff45179f-f51e-4ba9-b767-929cae5ca117/file_downloaded,10.17632/vnnzc7n97m.1,CC BY 4.0,https://creativecommons.org/licenses/by/4.0/,0,1,10000,1,1,0.98,0.98,-14.7625,-14.7073,-0.0420327,14.7204,-18.4002,1,,,2,1.03093,0.97,1.03093,0.970198,70.4901,0.262021,0.951949,794.059,732.498,937.5,0.00569849,3.62998,,,,0.000093246,0.00040202,0.138765,0.856648,0.00376484,
boiling_acoustic_regimes,83a3c5cb-4ab5-47ec-93b4-a9354299369a,transition,research/data/digestazoid/boiling/transition/transition_0230.wav,https://data.mendeley.com/public-files/datasets/vnnzc7n97m/files/83a3c5cb-4ab5-47ec-93b4-a9354299369a/file_downloaded,10.17632/vnnzc7n97m.1,CC BY 4.0,https://creativecommons.org/licenses/by/4.0/,0,1,10000,1,1,1,1,-14.5805,-14.5805,-0.140963,14.4396,-19.2845,1,,,5,5.12821,0.18,1.05263,0.977354,61.6957,0.292981,0.969188,785.623,705.895,875,0.00139796,6.28498,,,,0.00011965,0.000354603,0.103048,0.895523,0.000914626,
boiling_acoustic_regimes,d7696530-6a95-47f1-9eac-e02f50380507,transition,research/data/digestazoid/boiling/transition/transition_0345.wav,https://data.mendeley.com/public-files/datasets/vnnzc7n97m/files/d7696530-6a95-47f1-9eac-e02f50380507/file_downloaded,10.17632/vnnzc7n97m.1,CC BY 4.0,https://creativecommons.org/licenses/by/4.0/,0,1,10000,1,1,0.1,0.1,-23.6531,-16.4834,-0.0399686,23.6131,-25.66,11,10.7527,0.095,14,13.9785,0.09,1.03093,0.992842,186.047,0.245174,0.516772,375.365,347.79,562.5,0.00807692,6.00583,,,,0.107248,0.0274931,0.645755,0.217885,0.00117918,
boiling_acoustic_regimes,629ef987-66fa-4003-a0bf-3c51ed77be13,transition,research/data/digestazoid/boiling/transition/transition_0460.wav,https://data.mendeley.com/public-files/datasets/vnnzc7n97m/files/629ef987-66fa-4003-a0bf-3c51ed77be13/file_downloaded,10.17632/vnnzc7n97m.1,CC BY 4.0,https://creativecommons.org/licenses/by/4.0/,0,1,10000,1,1,0.19,0.19,-31.1712,-24.4289,-0.024205,31.147,-37.9031,7,6.89655,0.105,7,6.89655,0.115,1.03093,0.990326,98.7654,0.307688,0.515266,696.796,506.423,781.25,0.0108383,14.865,,,,0.0292581,0.0712694,0.383162,0.514036,0.00179768,
bowel_sounds_signal,52988441,bowel_sounds_signal,research/data/digestazoid/bowel/record_080524002_2.wav,https://ndownloader.figshare.com/files/52988441,10.6084/m9.figshare.28595741.v1,CC BY 4.0,https://creativecommons.org/licenses/by/4.0/,0,465.048,48000,1,465.048,58.01,0.12474,-32.8792,-24.0462,0.0795477,32.9587,-37.8442,2217,4.7661,0.13,5637,12.1217,0.07,2,0.08146,112.676,0.396936,0.806004,325.779,295.56,406.25,0.000089627,2.60623,0.066964,0.200892,29.7645,0.0712752,0.0527294,0.82793,0.048045,0.000012272,0.000008389
herring_fast_repetitive_tick,herring_fast_repetitive_tick-1,herring_fast_repetitive_tick,research/data/digestazoid/herring/15101430supp.wav,https://www.ebi.ac.uk/biostudies/files/S-EPMC1809969/15101430supp.wav,10.1098/rsbl.2003.0107,CC BY for Royal Society electronic supplementary material,https://royalsociety.org/journals/permissions/,0,5.98308,44100,1,5.98306,0.76,0.127025,-29.5174,-22.5167,-5.7806,23.7368,-28.3287,40,6.7474,0.1,69,11.704,0.08,0.884956,0.114744,94.9563,0.552761,0.801886,2480.07,2453.62,3062.5,0.120412,39.6811,,,,0.0334508,0.128046,0.0219647,0.00160304,0.574914,0.240022
human_burp_public_domain,human_burp_public_domain-1,burp,research/data/digestazoid/burp/ezwa-burp-public-domain.wav,https://upload.wikimedia.org/wikipedia/commons/5/54/Burp.ogg,,Public domain,https://commons.wikimedia.org/wiki/File:Burp.ogg,0,1.80245,44100,1,1.80244,0.48,0.266306,-25.3349,-19.5943,-1.12663,24.2083,-43.9361,8,4.375,0.15,14,8.125,0.1,0.578035,0.998156,149.533,0.555307,0.602466,609.964,803.518,718.75,0.0286802,13.0126,,,,0.001082,0.0514257,0.147921,0.717164,0.0234486,0.0589596
wet_fart_tummy_rumble_public_domain,wet_fart_tummy_rumble_public_domain-1,wet_fart_tummy_rumble,research/data/digestazoid/fart/natalie-wet-fart-tummy-rumbles-public-domain.wav,https://upload.wikimedia.org/wikipedia/commons/1/17/Wet_fart_tummy_rumbles.ogg,,Public domain,https://commons.wikimedia.org/wiki/File:Wet_fart_tummy_rumbles.ogg,0,12.5388,44100,2,12.5388,3.77,0.300668,-38.0328,-33.1538,-11.0708,26.962,-41.4269,58,4.65306,0.12,178,14.1941,0.06,,0.000398496,304.79,0.436304,0.600471,197.99,257.37,359.375,0.00046448,1.40793,,,,0.0753761,0.137115,0.703964,0.0822173,0.00129022,0.000037941
