"ID","Name","Current category ID","Current category","Current category order","Current instrument order","Current secondary tags","Favorite","Planned category","Planned category order","Planned instrument order","Decision","Related instruments","Notes"
"shape","Shape","geometry","Geometry Synths","1","1","","yes","","","","Review","",""
"solid","Solid","geometry","Geometry Synths","1","2","","yes","","","","Review","",""
"moebius","Möbius","geometry","Geometry Synths","1","3","Sequencers","no","","","","Review","",""
"klein-bottle","Klein Bottle","geometry","Geometry Synths","1","4","","no","","","","Review","",""
"hyper","Hyper","geometry","Geometry Synths","1","5","","yes","","","","Review","",""
"graph-synth","Graph Synth","geometry","Geometry Synths","1","6","Fractals & Recursion","yes","","","","Review","graphs",""
"combo","Shapes","apps","Apps","2","1","","no","","","","Review","",""
"l-systems","L-Systems","apps","Apps","2","2","Fractals & Recursion; Drum Machines; Mic FX","no","","","","Review","l-system; l-system-drums; micmic","Consolidation candidate, not approved deletion of older pages. Compare synth/drum/mic behavior and defaults."
"graphs","Graphs","apps","Apps","2","3","Fractals & Recursion; Drum Machines; Mic FX","no","","","","Review","graph-synth; graph-drums; graph-delay","Consolidation candidate, not approved deletion of older pages. Compare unique controls, defaults and behavior first."
"tiles-app","Tiles","apps","Apps","2","4","","no","","","","Review","",""
"algorithmic-mazes","Mazes","apps","Apps","2","5","","no","","","","Review","",""
"paths","Paths","apps","Apps","2","6","","no","","","","Review","",""
"lattice","Lattice","tiles","Tiles","3","1","","yes","","","","Review","",""
"spiral","Spiral","tiles","Tiles","3","2","","yes","","","","Review","",""
"lattice-drums","Lattice Drum Machine","tiles","Tiles","3","3","","no","","","","Review","",""
"spiral-drums","Spiral Drum Machine","tiles","Tiles","3","4","","no","","","","Review","",""
"shape-drums","Shape Drum Machine","geometry-drums","Drum Machines","4","1","","no","","","","Review","",""
"solid-drums","Solid Drum Machine","geometry-drums","Drum Machines","4","2","","no","","","","Review","",""
"hyper-drums","Hyper Drum Machine","geometry-drums","Drum Machines","4","3","","no","","","","Review","",""
"l-system-drums","L-System Drum Machine","geometry-drums","Drum Machines","4","4","Fractals & Recursion","no","","","","Review","l-systems",""
"graph-drums","Graph Drum Machine","geometry-drums","Drum Machines","4","5","Fractals & Recursion","no","","","","Review","graphs",""
"linear-drums-machine","Rattle Snake Skin","geometry-drums","Drum Machines","4","6","","no","","","","Review","",""
"rubix","Rubix Cube Sequencer","sequencers","Sequencers","5","1","","yes","","","","Review","",""
"sliding-puzzle","Sliding Puzzle","sequencers","Sequencers","5","2","","no","","","","Review","",""
"hocket-loom","Hocket Luigi","sequencers","Sequencers","5","3","Drum Machines","no","","","","Review","",""
"hyper-rubix","Hyper Rubix","sequencers","Sequencers","5","4","","yes","","","","Review","",""
"webgpu-303","WebGPU 303","sequencers","Sequencers","5","5","","no","","","","Review","",""
"simd-303","SIMD 303","sequencers","Sequencers","5","6","","no","","","","Review","",""
"simd-synth","SIMD SYNTH","sequencers","Sequencers","5","7","","no","","","","Review","",""
"webgpu-chiptune","WebGPU Chiptune","sequencers","Sequencers","5","8","","no","","","","Review","",""
"jaw-jam","Jaw Jam","sequencers","Sequencers","5","9","Voice Synths","no","","","","Review","",""
"webgpu-synths","GPU Shader Synths","sequencers","Sequencers","5","10","","no","","","","Review","",""
"srtuss","srtuss Master","sequencers","Sequencers","5","11","","no","","","","Review","",""
"shader-synth-playground","Modular Shader Synth","sequencers","Sequencers","5","12","","no","","","","Review","",""
"throatazoid","Throatazoid","voice-synths","Voice Synths","6","1","","no","","","","Retire","alien-larynx","Owner requested retirement. Preserve shared model, processor and CSS consumers; removal not implemented yet."
"pink-trombonazoid","Pink Trombonazoid","voice-synths","Voice Synths","6","2","Sequencers","no","","","","Review","",""
"throat-singing","Throat Singing","voice-synths","Voice Synths","6","3","","no","","","","Review","",""
"syrinx","Syrinx","voice-synths","Voice Synths","6","4","","no","","","","Review","",""
"tongued-beasts","Tongued Beasts","voice-synths","Voice Synths","6","5","","no","","","","Review","",""
"hybrinx","Hybrinx","voice-synths","Voice Synths","6","6","Sequencers","yes","","","","Review","",""
"creaturazoid","Creaturazoid","voice-synths","Voice Synths","6","7","Sequencers","no","","","","Review","",""
"quadruped","Quadruped","voice-synths","Voice Synths","6","8","Sequencers; Drum Machines","no","","","","Review","",""
"roach-synth","Roach Synth","voice-synths","Voice Synths","6","9","","no","","","","Review","",""
"spider-synth","Spider Synth","voice-synths","Voice Synths","6","10","","no","","","","Review","",""
"colony-syrinx","Monstrozoid","voice-synths","Voice Synths","6","11","","no","","","","Review","",""
"blowhole","Blowhole","voice-synths","Voice Synths","6","12","Sequencers","no","","","","Review","",""
"jaw-harp","Jaw Harp","voice-synths","Voice Synths","6","13","","yes","","","","Review","",""
"harmonica","Harmonicazoid","voice-synths","Voice Synths","6","14","","no","","","","Review","",""
"julie-saw","Julie Saw","voice-synths","Voice Synths","6","15","","no","","","","Review","",""
"hiccup-head","Hiccup Head","voice-synths","Voice Synths","6","16","Sequencers","yes","","","","Review","",""
"digestazoid","Digestazoid","voice-synths","Voice Synths","6","17","","no","","","","Review","",""
"breath-atlas","Mouthophones","voice-synths","Voice Synths","6","18","","no","","","","Review","",""
"spelling-synthesizer","Spelling Synthesizer","voice-synths","Voice Synths","6","19","","no","","","","Review","",""
"vocalzoid","Vocalzoid","voice-synths","Voice Synths","6","20","","no","","","","Review","",""
"lumber","Lumber Loops","mic-fx","Mic FX","7","1","","no","","","","Review","",""
"micmic","L-system Delay","mic-fx","Mic FX","7","2","Fractals & Recursion","yes","","","","Review","l-systems",""
"graph-delay","Graph Delay","mic-fx","Mic FX","7","3","","yes","","","","Review","graphs",""
"micromorph","Micromorph","mic-fx","Mic FX","7","4","","no","","","","Review","",""
"shepard-risset","Shepard–Risset","barber-shop-poles","Barber Shop Poles","8","1","","no","","","","Review","",""
"slippery-resynthesis","Slippery Resynthesis","barber-shop-poles","Barber Shop Poles","8","2","","no","","","","Review","",""
"drum-roll-please","Drum Roll Please!","barber-shop-poles","Barber Shop Poles","8","3","","no","","","","Review","",""
"ouroborousel","Ouroborousel","barber-shop-poles","Barber Shop Poles","8","4","","no","","","","Review","ourorourobouroboros","Related implementation, but musical equivalence unproven. Owner keep/combine decision needed."
"ourorourobouroboros","Ourorourobouroboros","barber-shop-poles","Barber Shop Poles","8","5","","no","","","","Review","ouroborousel","Related implementation with additional state and different defaults; do not delete from code similarity alone."
"ouroboros","Ouroboros","barber-shop-poles","Barber Shop Poles","8","6","","no","","","","Review","",""
"ouroboros-borealis","Ouroboros Borealis","barber-shop-poles","Barber Shop Poles","8","7","","no","","","","Review","",""
"sandy-syrup-delay","Sandy Syrup Delay","barber-shop-poles","Barber Shop Poles","8","8","","no","","","","Review","",""
"candy-coil-delay","Candy Coil Delay","barber-shop-poles","Barber Shop Poles","8","9","","no","","","","Review","",""
"l-system","L-System","fractals-recursion","Fractals & Recursion","9","1","","yes","","","","Review","l-systems",""
"recursion","Recursion","fractals-recursion","Fractals & Recursion","9","2","","no","","","","Review","",""
"enveloper","Enveloper","fractals-recursion","Fractals & Recursion","9","3","Sequencers","no","","","","Review","",""
"julia","Julia","fractals-recursion","Fractals & Recursion","9","4","","no","","","","Review","",""
"striped-staircase","Striped Staircase","fractals-recursion","Fractals & Recursion","9","5","","no","","","","Review","",""
"recursive-fm","Recursive FM","chaotic-synths","Chaotic Synths","10","1","Fractals & Recursion","no","","","","Review","",""
"recursive-pm","Recursive PM","chaotic-synths","Chaotic Synths","10","2","Fractals & Recursion","no","","","","Review","",""
"chaotic-fm","Chaotic FM","chaotic-synths","Chaotic Synths","10","3","Fractals & Recursion","no","","","","Review","",""
"chaotic-pm","Chaotic PM","chaotic-synths","Chaotic Synths","10","4","Fractals & Recursion","no","","","","Review","",""
"cascading-fm","Cascading FM","chaotic-synths","Chaotic Synths","10","5","Fractals & Recursion","no","","","","Review","",""
"cascading-pm","Cascading PM","chaotic-synths","Chaotic Synths","10","6","Fractals & Recursion","no","","","","Review","",""
"weierstrass","Weierstrass","chaotic-synths","Chaotic Synths","10","7","Fractals & Recursion","no","","","","Review","",""
"moire-drone","Fabric Filter","misc","Misc","11","1","","no","","","","Review","",""
"playhead-paint","Playhead Paint","misc","Misc","11","2","","no","","","","Review","",""
"boidzoid","Boidzoid","misc","Misc","11","3","","no","","","","Review","",""
"puggler","Puggler the Punk Rock Jugger","misc","Misc","11","4","","no","","","","Review","",""
"vector-flight","Vector Flight","misc","Misc","11","5","","no","","","","Review","",""
"gesturama","Gesturama","misc","Misc","11","6","","no","","","","Review","",""
"image-to-instrument-3","Wheel of Organs","misc","Misc","11","7","","no","","","","Review","",""
"orbital-ferris","Feral Fairy Ferris Ferry","misc","Misc","11","8","","no","","","","Review","",""
"fm-drums","FM Drums","instruments","Instruments","12","1","Drum Machines","no","","","","Review","",""
"linear-drums","Rattlesnake","instruments","Instruments","12","2","Drum Machines","no","","","","Review","",""
"karplus-strong","Karplus Strong","instruments","Instruments","12","3","","no","","","","Review","",""
"karplus-carpet","Karplus Carpet","instruments","Instruments","12","4","","no","","","","Review","",""
"surround-field","Surround for Safety","instruments","Instruments","12","5","","no","","","","Review","",""
"sample-drums","Sample Drums","instruments","Instruments","12","6","Drum Machines","no","","","","Review","",""
"object-forge","Dentaphone","instruments","Instruments","12","7","","no","","","","Review","",""
"cellular-automata","Automatapoeia","algorithmic-sequencers","Algorithmic Sequencers","13","1","","yes","","","","Review","",""
"sorting-algorithms","Sorting","algorithmic-sequencers","Algorithmic Sequencers","13","2","","no","","","","Review","",""
"dijkstra","DJ Dijkstra","algorithmic-sequencers","Algorithmic Sequencers","13","3","","no","","","","Review","",""
"wave-pool","Wave Pool","experiments","Works in progress","14","1","","no","","","","Review","",""
"penrose-tilings","Penrose Tilings","experiments","Works in progress","14","2","","no","","","","Review","",""
"yoyodyne","Yoyodyne","experiments","Works in progress","14","3","","no","","","","Review","",""
"hanoi","Hanoi Carillon","experiments","Works in progress","14","4","","no","","","","Review","",""
"minimax","Alpha-Beta Minimax","experiments","Works in progress","14","5","","no","","","","Review","",""
"nqueens","N-Queens Backtracker","experiments","Works in progress","14","6","","no","","","","Review","",""
"euclid","Euclidean Pulse","experiments","Works in progress","14","7","","no","","","","Review","",""
"alien-larynx","Alien Larynx","experiments","Works in progress","14","8","","no","","","","Redesign","throatazoid","Keep as survivor of Throatazoid pair; owner design notes pending. Pause further UI abstraction."
"hyper-syrinx","Hyper-Syrinx","experiments","Works in progress","14","9","","no","","","","Review","",""
"morphynx","Morphynx","experiments","Works in progress","14","10","","no","","","","Review","",""
"escher-tessellation","Escher","experiments","Works in progress","14","11","","no","","","","Review","",""
"plasma-ball","Plasma Ball","experiments","Works in progress","14","12","","no","","","","Review","",""
"simd-resonator","SIMD Resonator","experiments","Works in progress","14","13","","no","","","","Review","",""
"order-tones","Order Tones","experiments","Works in progress","14","14","","no","","","","Review","",""
"morphazoidical","Morphazoidical","experiments","Works in progress","14","15","","no","","","","Review","",""
"bell-square","Bell Square","experiments","Works in progress","14","16","","no","","","","Review","",""
"entanglement-dance","Entanglement Dance","experiments","Works in progress","14","17","","no","","","","Review","",""
"quantum-square-dance","Quantum Square Dance","experiments","Works in progress","14","18","","no","","","","Review","",""
"annealogue","Annealogue","experiments","Works in progress","14","19","","no","","","","Review","",""
"gravity-walk","Gravity Walk","experiments","Works in progress","14","20","","no","","","","Review","",""
"ricochet","Ricochet","experiments","Works in progress","14","21","","no","","","","Review","",""
"rigidity","Rigidity","experiments","Works in progress","14","22","","no","","","","Review","",""
"rolling-measure","Rolling Measure","experiments","Works in progress","14","23","","no","","","","Review","",""
"falling-forms","Falling Forms","experiments","Works in progress","14","24","","no","","","","Review","",""
"charge-garden","Charge Garden","experiments","Works in progress","14","25","","no","","","","Review","",""
"packing-pressure","Packing Pressure","experiments","Works in progress","14","26","","no","","","","Review","",""
"geodesic-drift","Geodesic Drift","experiments","Works in progress","14","27","","no","","","","Review","",""
"kinetic-hull","Kinetic Hull","experiments","Works in progress","14","28","","no","","","","Review","",""
"moire-organ","RISSET-MOIRE","experiments","Works in progress","14","29","","no","","","","Review","",""
"chladni-plate","Chladni Plate","experiments","Works in progress","14","30","","no","","","","Review","",""
"spring-choir","Spring Choir","experiments","Works in progress","14","31","","no","","","","Review","",""
"gear-ratio-drums","Gear Ratio Drums","experiments","Works in progress","14","32","","no","","","","Review","",""
"prime-sieve","Prime Sieve","experiments","Works in progress","14","33","","no","","","","Review","",""
"lissajous-orbits","Lissajous Orbits","experiments","Works in progress","14","34","","no","","","","Review","",""
"pendulum-wave","Pendulum Wave","experiments","Works in progress","14","35","","no","","","","Review","",""
"double-pendulum","Double Pendulum","experiments","Works in progress","14","36","","no","","","","Review","",""
"reaction-diffusion","Reaction-Diffusion","experiments","Works in progress","14","37","","no","","","","Review","",""
"atomic-orbitals","Atomic Orbitals","experiments","Works in progress","14","38","","no","","","","Review","",""
"dna-translator","DNA Translator","experiments","Works in progress","14","39","","no","","","","Review","",""
"neural-pulse","Neural Pulse","experiments","Works in progress","14","40","","no","","","","Review","",""
"fourier-epicycles","Fourier Epicycles","experiments","Works in progress","14","41","","no","","","","Review","",""
"gravity-lens","Gravity Lens","experiments","Works in progress","14","42","","no","","","","Review","",""
"cantor-lock","Cantor Lock","experiments","Works in progress","14","43","","no","","","","Review","",""
"escape-dust","Escape Dust","experiments","Works in progress","14","44","","no","","","","Review","",""
"linebreaker","Linebreaker","experiments","Works in progress","14","45","","no","","","","Review","",""
